{
	"info": {
		"_postman_id": "b6458ecd-0cd5-4038-8d48-394759e660a8",
		"name": "Jokes_API",
		"schema": "https://schema.getpostman.com/json/collection/v2.1.0/collection.json"
	},
	"item": [
		{
			"name": "getAllJokes",
			"request": {
				"method": "GET",
				"header": [],
				"url": null
			},
			"response": []
		},
		{
			"name": "getOneJoke",
			"request": {
				"method": "GET",
				"header": [],
				"url": null
			},
			"response": []
		},
		{
			"name": "createJoke",
			"request": {
				"method": "POST",
				"header": [],
				"url": {
					"raw": "http://www.localhost:8000/api/jokes/new",
					"protocol": "http",
					"host": [
						"www",
						"localhost"
					],
					"port": "8000",
					"path": [
						"api",
						"jokes",
						"new"
					]
				}
			},
			"response": []
		},
		{
			"name": "updateJoke",
			"request": {
				"method": "PUT",
				"header": [],
				"body": {
					"mode": "raw",
					"raw": "{\r\n    \"setup\": \"Have you heard this one? An SQL query walks into a bar, walks up to two tables and asks...\",\r\n    \"punchline\": \"Can I join you? Get it? Can I **JOIN** you!?!? HAHAHAHA\"\r\n}",
					"options": {
						"raw": {
							"language": "json"
						}
					}
				},
				"url": {
					"raw": "http://localhost:8000/api/jokes/update/6024324fd3760407d8d8bd23/",
					"protocol": "http",
					"host": [
						"localhost"
					],
					"port": "8000",
					"path": [
						"api",
						"jokes",
						"update",
						"6024324fd3760407d8d8bd23",
						""
					]
				}
			},
			"response": []
		},
		{
			"name": "deleteJoke",
			"request": {
				"method": "DELETE",
				"header": [],
				"url": {
					"raw": "http://localhost:8000/api/jokes/delete/602434b9ea86266da46e5b15",
					"protocol": "http",
					"host": [
						"localhost"
					],
					"port": "8000",
					"path": [
						"api",
						"jokes",
						"delete",
						"602434b9ea86266da46e5b15"
					]
				}
			},
			"response": []
		},
		{
			"name": "getRandomJoke",
			"request": {
				"method": "GET",
				"header": [],
				"url": {
					"raw": "http://localhost:8000/api/jokes/random",
					"protocol": "http",
					"host": [
						"localhost"
					],
					"port": "8000",
					"path": [
						"api",
						"jokes",
						"random"
					]
				}
			},
			"response": []
		},
		{
			"name": "getAllIDs",
			"request": {
				"method": "GET",
				"header": [],
				"url": {
					"raw": "http://localhost:8000/api/getIDs",
					"protocol": "http",
					"host": [
						"localhost"
					],
					"port": "8000",
					"path": [
						"api",
						"getIDs"
					]
				}
			},
			"response": []
		}
	]
}